{
  "properties": {
    "connectionReferences": {
      "shared_sharepointonline": {
        "runtimeSource": "invoker",
        "connection": {
          "connectionReferenceLogicalName": "mh_sharedsharepointonline_87e89"
        },
        "api": {
          "name": "shared_sharepointonline"
        }
      },
      "shared_office365": {
        "runtimeSource": "invoker",
        "connection": {
          "connectionReferenceLogicalName": "mh_sharedoffice365_cca45"
        },
        "api": {
          "name": "shared_office365"
        }
      }
    },
    "definition": {
      "$schema": "https://schema.management.azure.com/providers/Microsoft.Logic/schemas/2016-06-01/workflowdefinition.json#",
      "contentVersion": "1.0.0.0",
      "parameters": {
        "$connections": {
          "defaultValue": {},
          "type": "Object"
        },
        "$authentication": {
          "defaultValue": {},
          "type": "SecureObject"
        }
      },
      "triggers": {
        "manual": {
          "metadata": {
            "operationMetadataId": "c2aabab5-55dc-439f-b808-cacf925a75ad"
          },
          "type": "Request",
          "kind": "PowerAppV2",
          "inputs": {
            "schema": {
              "type": "object",
              "properties": {
                "text": {
                  "title": "Name",
                  "type": "string",
                  "x-ms-dynamically-added": true,
                  "description": "Please enter your input",
                  "x-ms-content-hint": "TEXT"
                },
                "text_1": {
                  "title": "Role",
                  "type": "string",
                  "x-ms-dynamically-added": true,
                  "description": "Please enter your input",
                  "x-ms-content-hint": "TEXT"
                },
                "text_2": {
                  "title": "Team",
                  "type": "string",
                  "x-ms-dynamically-added": true,
                  "description": "Please enter your input",
                  "x-ms-content-hint": "TEXT"
                },
                "number_1": {
                  "title": "Jersey",
                  "type": "number",
                  "x-ms-dynamically-added": true,
                  "description": "Please enter a number",
                  "x-ms-content-hint": "NUMBER"
                },
                "text_3": {
                  "title": "Gender",
                  "type": "string",
                  "x-ms-dynamically-added": true,
                  "description": "Please enter your input",
                  "x-ms-content-hint": "TEXT"
                },
                "date": {
                  "title": "DOB",
                  "type": "string",
                  "format": "date",
                  "x-ms-dynamically-added": true,
                  "description": "Please enter or select a date (YYYY-MM-DD)",
                  "x-ms-content-hint": "DATE"
                }
              },
              "required": [
                "text",
                "text_1",
                "text_2",
                "number_1",
                "text_3",
                "date"
              ]
            }
          }
        }
      },
      "actions": {
        "Create_item": {
          "runAfter": {},
          "metadata": {
            "operationMetadataId": "356ae7e0-f74e-4599-b7c6-4444c694049e"
          },
          "type": "OpenApiConnection",
          "inputs": {
            "host": {
              "connectionName": "shared_sharepointonline",
              "operationId": "PostItem",
              "apiId": "/providers/Microsoft.PowerApps/apis/shared_sharepointonline"
            },
            "parameters": {
              "dataset": "https://xyenta.sharepoint.com/sites/Hemanth_SharePoint",
              "table": "f5d28353-1e79-41b7-b3f1-227733042d57",
              "item/Name": "@triggerBody()['text']",
              "item/Role": "@triggerBody()['text_1']",
              "item/Team": "@triggerBody()['text_2']",
              "item/Jersey": "@triggerBody()['number_1']",
              "item/Gender": "@triggerBody()['text_3']",
              "item/DOB": "@triggerBody()['date']"
            },
            "authentication": "@parameters('$authentication')"
          }
        },
        "Send_an_email_(V2)": {
          "runAfter": {
            "Create_item": [
              "Succeeded"
            ]
          },
          "metadata": {
            "operationMetadataId": "d9b41ee8-3d99-4516-bfb1-ccb3e259b3e7"
          },
          "type": "OpenApiConnection",
          "inputs": {
            "host": {
              "connectionName": "shared_office365",
              "operationId": "SendEmailV2",
              "apiId": "/providers/Microsoft.PowerApps/apis/shared_office365"
            },
            "parameters": {
              "emailMessage/To": "hemanth.manda@xyenta.com;jaswanth.yamasani@xyenta.com;lakshman.akasapu@xyenta.com",
              "emailMessage/Subject": "Flow Output Automate",
              "emailMessage/Body": "<p>Hey Jash,<br>\nFlow was striving previously and now it is succeeded.<br>\n@{triggerBody()['text_1']}@{triggerBody()['text_2']}@{triggerBody()['text_3']}@{triggerBody()['text']}<br>\nThank you</p>",
              "emailMessage/Importance": "Normal"
            },
            "authentication": "@parameters('$authentication')"
          }
        }
      }
    },
    "templateName": ""
  },
  "schemaVersion": "1.0.0.0"
}