{
  "properties": {
    "connectionReferences": {
      "shared_sql": {
        "runtimeSource": "invoker",
        "connection": {
          "connectionReferenceLogicalName": "mh_sharedsql_2e098"
        },
        "api": {
          "name": "shared_sql"
        }
      }
    },
    "definition": {
      "$schema": "https://schema.management.azure.com/providers/Microsoft.Logic/schemas/2016-06-01/workflowdefinition.json#",
      "contentVersion": "1.0.0.0",
      "parameters": {
        "$connections": {
          "defaultValue": {},
          "type": "Object"
        },
        "$authentication": {
          "defaultValue": {},
          "type": "SecureObject"
        }
      },
      "triggers": {
        "manual": {
          "metadata": {
            "operationMetadataId": "91404341-38b9-4df9-8ba0-81e3edf34295"
          },
          "type": "Request",
          "kind": "PowerAppV2",
          "inputs": {
            "schema": {
              "type": "object",
              "properties": {},
              "required": []
            }
          }
        }
      },
      "actions": {
        "Insert_row_(V2)": {
          "runAfter": {},
          "metadata": {
            "operationMetadataId": "56a42063-d59d-4de2-8460-1c9260ebff74"
          },
          "type": "OpenApiConnection",
          "inputs": {
            "host": {
              "connectionName": "shared_sql",
              "operationId": "PostItem_V2",
              "apiId": "/providers/Microsoft.PowerApps/apis/shared_sql"
            },
            "parameters": {
              "server": "default",
              "database": "default",
              "table": "[dbo].[EMP]",
              "item/EMPNO": 7002,
              "item/ENAME": "Jaswanth",
              "item/JOB": "SE",
              "item/MGR": 7782,
              "item/HIREDATE": "@utcNow()",
              "item/SAL": 20000,
              "item/COMM": 12,
              "item/DEPTNO": 20
            },
            "authentication": "@parameters('$authentication')"
          }
        }
      }
    },
    "templateName": null
  },
  "schemaVersion": "1.0.0.0"
}