{
  "properties": {
    "connectionReferences": {
      "shared_sql": {
        "runtimeSource": "embedded",
        "connection": {
          "connectionReferenceLogicalName": "mh_sharedsql_2e098"
        },
        "api": {
          "name": "shared_sql"
        }
      }
    },
    "definition": {
      "$schema": "https://schema.management.azure.com/providers/Microsoft.Logic/schemas/2016-06-01/workflowdefinition.json#",
      "contentVersion": "1.0.0.0",
      "parameters": {
        "$connections": {
          "defaultValue": {},
          "type": "Object"
        },
        "$authentication": {
          "defaultValue": {},
          "type": "SecureObject"
        }
      },
      "triggers": {
        "When_an_item_is_modified_(V2)": {
          "recurrence": {
            "interval": 5,
            "frequency": "Minute"
          },
          "splitOn": "@triggerOutputs()?['body/value']",
          "metadata": {
            "operationMetadataId": "3eaa8c43-a756-41fe-ae2f-3fd0f10bca6f"
          },
          "type": "OpenApiConnection",
          "inputs": {
            "host": {
              "connectionName": "shared_sql",
              "operationId": "GetOnUpdatedItems_V2",
              "apiId": "/providers/Microsoft.PowerApps/apis/shared_sql"
            },
            "parameters": {
              "server": "default",
              "database": "default",
              "table": "EMP"
            },
            "authentication": "@parameters('$authentication')"
          }
        }
      },
      "actions": {
        "Insert_row_(V2)": {
          "runAfter": {},
          "metadata": {
            "operationMetadataId": "603bddce-e0bc-4a05-bcc7-ee682bac6f82"
          },
          "type": "OpenApiConnection",
          "inputs": {
            "host": {
              "connectionName": "shared_sql",
              "operationId": "PostItem_V2",
              "apiId": "/providers/Microsoft.PowerApps/apis/shared_sql"
            },
            "parameters": {
              "server": "default",
              "database": "default",
              "table": "[dbo].[EMP]",
              "item/EMPNO": 701,
              "item/ENAME": "Jaswanth",
              "item/JOB": "SE",
              "item/MGR": 7901,
              "item/HIREDATE": "utcNow()",
              "item/SAL": 20000,
              "item/DEPTNO": 12
            },
            "authentication": "@parameters('$authentication')"
          }
        }
      }
    },
    "templateName": null
  },
  "schemaVersion": "1.0.0.0"
}